<?xml version="1.0"?>
<!--<!DOCTYPE metadata SYSTEM "http://www.esri.com/metadata/esriprof80.dtd">-->
<metadata xml:lang="en"><Esri><MetaID>{A754A292-3133-4A97-AB2E-55E4DDE8D405}</MetaID><CreaDate>20100316</CreaDate><CreaTime>10361000</CreaTime><SyncOnce>TRUE</SyncOnce><DataProperties><lineage><Process ToolSource="C:\Program Files\ArcGIS\ArcToolbox\Toolboxes\Conversion Tools.tbx\ASCIIToRaster" Date="20100316" Time="103610">ASCIIToRaster C:\GIS3demos_S2010\Lab05_2010\output\outputKgb.txt C:\GIS3demos_S2010\Lab05_2010\output\outGridKgb INTEGER</Process></lineage></DataProperties></Esri><idinfo><citation><citeinfo><onlink Sync="TRUE">\\MAKOSSYMAC\C$\GIS3demos_S2010\Lab05_2010\input\outgridkgb</onlink></citeinfo></citation></idinfo><distInfo><distributor><distorTran><onLineSrc><linkage Sync="TRUE">file://\\MAKOSSYMAC\C$\GIS3demos_S2010\Lab05_2010\input\outgridkgb</linkage><protocol Sync="TRUE">Local Area Network</protocol></onLineSrc></distorTran></distributor></distInfo><dataqual><lineage><procstep><procdesc Sync="TRUE">Dataset moved.</procdesc><srcused Sync="TRUE">C:\GIS3demos_S2010\Lab05_2010\output\outgridkgb</srcused><procdate Sync="TRUE">20100316</procdate><proctime Sync="TRUE">10370900</proctime></procstep></lineage></dataqual></metadata>
