<?xml version="1.0"?>
<!--<!DOCTYPE metadata SYSTEM "http://www.esri.com/metadata/esriprof80.dtd">-->
<metadata xml:lang="en"><Esri><CreaDate>20110113</CreaDate><CreaTime>13325300</CreaTime><SyncOnce>TRUE</SyncOnce><MetaID>{1F7B9FFC-BD65-4A54-B798-11E80A639B65}</MetaID></Esri><idinfo><citation><citeinfo><onlink Sync="TRUE">\\MAKOSSYMAC\Y\GIS3\lyons_mrd</onlink></citeinfo></citation></idinfo><distInfo><distributor><distorTran><onLineSrc><linkage Sync="TRUE">file://\\MAKOSSYMAC\Y\GIS3\lyons_mrd</linkage><protocol Sync="TRUE">Local Area Network</protocol></onLineSrc></distorTran></distributor></distInfo><dataqual><lineage><procstep><procdesc Sync="TRUE">Dataset copied.</procdesc><srcused Sync="TRUE">C:\data\gis1\classdata\lab5data\lyons_mrd</srcused><date Sync="TRUE">20050915</date><time Sync="TRUE">18104400</time></procstep><procstep><procdesc Sync="TRUE">Dataset copied.</procdesc><srcused Sync="TRUE">Y:\Documents\Lehre\GISIntro_4103_5103\GIS1_F2009\data_frank\GIS 1\lyons\lyons_mrd</srcused><procdate Sync="TRUE">20110113</procdate><proctime Sync="TRUE">13325300</proctime></procstep></lineage></dataqual></metadata>
