<?xml version="1.0"?>
<!--<!DOCTYPE metadata SYSTEM "http://www.esri.com/metadata/esriprof80.dtd">-->
<metadata xml:lang="en"><Esri><CreaDate>20130211</CreaDate><CreaTime>15163900</CreaTime><SyncOnce>TRUE</SyncOnce><DataProperties><lineage><Process ToolSource="C:\Programs\ArcGIS\ArcToolbox\Toolboxes\Data Management Tools.tbx\AddField" Date="20070908" Time="233159">AddField samplePNT1_1976.dbf SampleID LONG # # # # NON_NULLABLE NON_REQUIRED # samplePNT1_1976.dbf</Process><Process ToolSource="C:\Programs\ArcGIS\ArcToolbox\Toolboxes\Data Management Tools.tbx\CalculateField" Date="20070908" Time="233159">CalculateField samplePNT1_1976.dbf SampleID 1 VB # samplePNT1_1976.dbf</Process><Process ToolSource="C:\Programs\ArcGIS\ArcToolbox\Toolboxes\Data Management Tools.tbx\CalculateField" Date="20070908" Time="233519">CalculateField samplePNT1_1976.dbf SampleID 5 VB # samplePNT1_1976.dbf</Process><Process ToolSource="C:\Programs\ArcGIS\ArcToolbox\Toolboxes\Data Management Tools.tbx\DeleteField" Date="20070908" Time="233757">DeleteField samplePNT1_1976.dbf SampleID samplePNT1_1976.dbf</Process><Process ToolSource="C:\Programs\ArcGIS\ArcToolbox\Toolboxes\Data Management Tools.tbx\AddField" Date="20070908" Time="235115">AddField samplePNT1_1976.dbf Result DOUBLE # # # # NON_NULLABLE NON_REQUIRED # samplePNT1_1976.dbf</Process><Process ToolSource="C:\Programs\ArcGIS\ArcToolbox\Toolboxes\Data Management Tools.tbx\CalculateField" Date="20070908" Time="235115">CalculateField samplePNT1_1976.dbf Result 0.169054628224118 VB # samplePNT1_1976.dbf</Process><Process ToolSource="C:\Programs\ArcGIS\ArcToolbox\Toolboxes\Data Management Tools.tbx\DeleteField" Date="20070908" Time="235115">DeleteField samplePNT1_1976.dbf Id samplePNT1_1976.dbf</Process><Process ToolSource="C:\Program Files (x86)\ArcGIS\ArcToolbox\Toolboxes\Data Management Tools.tbx\AddField" Date="20110120" Time="133651">AddField Y://GIS3//GIS3demos_S2010//dataclassdemos//scratch\samplePNT1_1976.dbf year LONG # # # # NON_NULLABLE NON_REQUIRED # Y://GIS3//GIS3demos_S2010//dataclassdemos//scratch\samplePNT1_1976.dbf</Process><Process ToolSource="C:\Program Files (x86)\ArcGIS\ArcToolbox\Toolboxes\Data Management Tools.tbx\CalculateField" Date="20110120" Time="133651">CalculateField Y://GIS3//GIS3demos_S2010//dataclassdemos//scratch\samplePNT1_1976.dbf year 1976 VB # Y://GIS3//GIS3demos_S2010//dataclassdemos//scratch\samplePNT1_1976.dbf</Process><Process ToolSource="C:\Program Files (x86)\ArcGIS\ArcToolbox\Toolboxes\Data Management Tools.tbx\AddField" Date="20110120" Time="133705">AddField Y://GIS3//GIS3demos_S2010//dataclassdemos//scratch\samplePNT1_1976.dbf year LONG # # # # NON_NULLABLE NON_REQUIRED # Y://GIS3//GIS3demos_S2010//dataclassdemos//scratch\samplePNT1_1976.dbf</Process><Process ToolSource="C:\Program Files (x86)\ArcGIS\ArcToolbox\Toolboxes\Data Management Tools.tbx\CalculateField" Date="20110120" Time="133706">CalculateField Y://GIS3//GIS3demos_S2010//dataclassdemos//scratch\samplePNT1_1976.dbf year 1976 VB # Y://GIS3//GIS3demos_S2010//dataclassdemos//scratch\samplePNT1_1976.dbf</Process><Process ToolSource="C:\Program Files (x86)\ArcGIS\ArcToolbox\Toolboxes\Data Management Tools.tbx\DeleteField" Date="20110120" Time="134319">DeleteField Y://GIS3//GIS3demos_S2010//dataclassdemos//scratch//samplePNT1_1976.dbf year Y://GIS3//GIS3demos_S2010//dataclassdemos//scratch//samplePNT1_1976.dbf</Process></lineage><itemProps><itemLocation><linkage Sync="TRUE">file://\\SCHWEDE-PC\C$\Users\schwede\Documents\Teaching\GEOG4303_5303\demos\data\samplePNT1_1976</linkage><protocol Sync="TRUE">Local Area Network</protocol></itemLocation></itemProps><copyHistory><copy source="C:\GIS3\samplePNT1_1976" dest="\\SCHWEDE-PC\C$\Users\schwede\Documents\Teaching\GEOG4303_5303\demos\data\samplePNT1_1976" date="20130211" time="15163900"></copy></copyHistory></DataProperties></Esri><idinfo><citation><citeinfo><onlink Sync="TRUE">\\MAKOSSYMAC\Y\GIS3\GIS3demos_S2010\dataclassdemos\samplePNT1_1976</onlink></citeinfo></citation></idinfo><distInfo><distributor><distorTran><onLineSrc><linkage Sync="TRUE">file://\\MAKOSSYMAC\Y\GIS3\GIS3demos_S2010\dataclassdemos\samplePNT1_1976</linkage><protocol Sync="TRUE">Local Area Network</protocol></onLineSrc></distorTran></distributor></distInfo><dataqual><lineage><procstep><procdesc Sync="TRUE">Dataset copied.</procdesc><srcused Sync="TRUE">C:\WorkSpace\WS_arcgis\UCBGIS5303\Data\DataLabs\Lab1\samplePNT1</srcused><date Sync="TRUE">20070908</date><time Sync="TRUE">22185400</time></procstep><procstep><procdesc Sync="TRUE">Dataset copied.</procdesc><srcused Sync="TRUE">C:\WorkSpace\WS_arcgis\UCBGIS5303\Data\DataLabs\Lab2\samplePNT1</srcused><date Sync="TRUE">20070908</date><time Sync="TRUE">22190400</time></procstep><procstep><procdesc Sync="TRUE">Dataset copied.</procdesc><srcused Sync="TRUE">C:\WorkSpace\WS_arcgis\UCBGIS5303\Data\DataLabs\Lab2\samplePNT1_1976</srcused><date Sync="TRUE">20070908</date><time Sync="TRUE">22382600</time></procstep><procstep><procdesc Sync="TRUE">Dataset copied.</procdesc><srcused Sync="TRUE">C:\WorkSpace\WS_arcgis\UCBGIS5303\Data\DataLabs\Lab2\dataForStudents\samplePNT1_1976</srcused><date Sync="TRUE">20070908</date><time Sync="TRUE">22510000</time></procstep><procstep><procdesc Sync="TRUE">Dataset copied.</procdesc><srcused Sync="TRUE">C:\WorkSpace\WS_arcgis\UCBGIS5303\Data\DataLabs\Lab2\samplePNT1_1976</srcused><date Sync="TRUE">20070909</date><time Sync="TRUE">11395100</time></procstep><procstep><procdesc Sync="TRUE">Dataset copied.</procdesc><srcused Sync="TRUE">C:\WorkSpaceTeaching\GISProgSources\4(5)303_2008\Labs\Lab1a\dataForStudentsLab1a\samplePNT1_1976</srcused><procdate Sync="TRUE">20100121</procdate><proctime Sync="TRUE">11033200</proctime></procstep><procstep><procdesc Sync="TRUE">Dataset copied.</procdesc><srcused Sync="TRUE">Y:\GIS3\GIS3demos_S2010\dataclassdemos\samplePNT1_1976</srcused><procdate Sync="TRUE">20110120</procdate><proctime Sync="TRUE">13350900</proctime></procstep><procstep><procdesc Sync="TRUE">Dataset copied.</procdesc><srcused Sync="TRUE">Y:\GIS3\GIS3demos_S2010\dataclassdemos\scratch\samplePNT1_1976</srcused><procdate Sync="TRUE">20110120</procdate><proctime Sync="TRUE">13443700</proctime></procstep></lineage></dataqual></metadata>
