<PAMDataset>
  <PAMRasterBand band="1">
    <Description>input_l</Description>
    <ColorInterp>Palette</ColorInterp>
    <ColorTable>
      <Entry c1="255" c2="255" c3="255" c4="255" />
      <Entry c1="255" c2="255" c3="255" c4="255" />
      <Entry c1="255" c2="255" c3="255" c4="255" />
      <Entry c1="255" c2="255" c3="255" c4="255" />
      <Entry c1="255" c2="255" c3="255" c4="255" />
      <Entry c1="255" c2="255" c3="255" c4="255" />
      <Entry c1="255" c2="255" c3="255" c4="255" />
      <Entry c1="255" c2="255" c3="255" c4="255" />
      <Entry c1="255" c2="255" c3="255" c4="255" />
      <Entry c1="255" c2="255" c3="255" c4="255" />
      <Entry c1="255" c2="255" c3="255" c4="255" />
      <Entry c1="71" c2="107" c3="160" c4="255" />
      <Entry c1="209" c2="221" c3="249" c4="255" />
      <Entry c1="255" c2="255" c3="255" c4="255" />
      <Entry c1="255" c2="255" c3="255" c4="255" />
      <Entry c1="255" c2="255" c3="255" c4="255" />
      <Entry c1="255" c2="255" c3="255" c4="255" />
      <Entry c1="255" c2="255" c3="255" c4="255" />
      <Entry c1="255" c2="255" c3="255" c4="255" />
      <Entry c1="255" c2="255" c3="255" c4="255" />
      <Entry c1="255" c2="255" c3="255" c4="255" />
      <Entry c1="221" c2="201" c3="201" c4="255" />
      <Entry c1="216" c2="147" c3="130" c4="255" />
      <Entry c1="237" c2="0" c3="0" c4="255" />
      <Entry c1="170" c2="0" c3="0" c4="255" />
      <Entry c1="255" c2="255" c3="255" c4="255" />
      <Entry c1="255" c2="255" c3="255" c4="255" />
      <Entry c1="255" c2="255" c3="255" c4="255" />
      <Entry c1="255" c2="255" c3="255" c4="255" />
      <Entry c1="255" c2="255" c3="255" c4="255" />
      <Entry c1="255" c2="255" c3="255" c4="255" />
      <Entry c1="178" c2="173" c3="163" c4="255" />
      <Entry c1="255" c2="255" c3="255" c4="255" />
      <Entry c1="255" c2="255" c3="255" c4="255" />
      <Entry c1="255" c2="255" c3="255" c4="255" />
      <Entry c1="255" c2="255" c3="255" c4="255" />
      <Entry c1="255" c2="255" c3="255" c4="255" />
      <Entry c1="255" c2="255" c3="255" c4="255" />
      <Entry c1="255" c2="255" c3="255" c4="255" />
      <Entry c1="255" c2="255" c3="255" c4="255" />
      <Entry c1="255" c2="255" c3="255" c4="255" />
      <Entry c1="104" c2="170" c3="99" c4="255" />
      <Entry c1="28" c2="99" c3="48" c4="255" />
      <Entry c1="181" c2="201" c3="142" c4="255" />
      <Entry c1="255" c2="255" c3="255" c4="255" />
      <Entry c1="255" c2="255" c3="255" c4="255" />
      <Entry c1="255" c2="255" c3="255" c4="255" />
      <Entry c1="255" c2="255" c3="255" c4="255" />
      <Entry c1="255" c2="255" c3="255" c4="255" />
      <Entry c1="255" c2="255" c3="255" c4="255" />
      <Entry c1="255" c2="255" c3="255" c4="255" />
      <Entry c1="255" c2="255" c3="255" c4="255" />
      <Entry c1="204" c2="186" c3="124" c4="255" />
      <Entry c1="255" c2="255" c3="255" c4="255" />
      <Entry c1="255" c2="255" c3="255" c4="255" />
      <Entry c1="255" c2="255" c3="255" c4="255" />
      <Entry c1="255" c2="255" c3="255" c4="255" />
      <Entry c1="255" c2="255" c3="255" c4="255" />
      <Entry c1="255" c2="255" c3="255" c4="255" />
      <Entry c1="255" c2="255" c3="255" c4="255" />
      <Entry c1="255" c2="255" c3="255" c4="255" />
      <Entry c1="255" c2="255" c3="255" c4="255" />
      <Entry c1="255" c2="255" c3="255" c4="255" />
      <Entry c1="255" c2="255" c3="255" c4="255" />
      <Entry c1="255" c2="255" c3="255" c4="255" />
      <Entry c1="255" c2="255" c3="255" c4="255" />
      <Entry c1="255" c2="255" c3="255" c4="255" />
      <Entry c1="255" c2="255" c3="255" c4="255" />
      <Entry c1="255" c2="255" c3="255" c4="255" />
      <Entry c1="255" c2="255" c3="255" c4="255" />
      <Entry c1="255" c2="255" c3="255" c4="255" />
      <Entry c1="226" c2="226" c3="193" c4="255" />
      <Entry c1="255" c2="255" c3="255" c4="255" />
      <Entry c1="255" c2="255" c3="255" c4="255" />
      <Entry c1="255" c2="255" c3="255" c4="255" />
      <Entry c1="255" c2="255" c3="255" c4="255" />
      <Entry c1="255" c2="255" c3="255" c4="255" />
      <Entry c1="255" c2="255" c3="255" c4="255" />
      <Entry c1="255" c2="255" c3="255" c4="255" />
      <Entry c1="255" c2="255" c3="255" c4="255" />
      <Entry c1="255" c2="255" c3="255" c4="255" />
      <Entry c1="219" c2="216" c3="60" c4="255" />
      <Entry c1="170" c2="112" c3="40" c4="255" />
      <Entry c1="255" c2="255" c3="255" c4="255" />
      <Entry c1="255" c2="255" c3="255" c4="255" />
      <Entry c1="255" c2="255" c3="255" c4="255" />
      <Entry c1="255" c2="255" c3="255" c4="255" />
      <Entry c1="255" c2="255" c3="255" c4="255" />
      <Entry c1="255" c2="255" c3="255" c4="255" />
      <Entry c1="255" c2="255" c3="255" c4="255" />
      <Entry c1="186" c2="216" c3="234" c4="255" />
      <Entry c1="255" c2="255" c3="255" c4="255" />
      <Entry c1="255" c2="255" c3="255" c4="255" />
      <Entry c1="255" c2="255" c3="255" c4="255" />
      <Entry c1="255" c2="255" c3="255" c4="255" />
      <Entry c1="112" c2="163" c3="186" c4="255" />
    </ColorTable>
    <GDALRasterAttributeTable />
    <Metadata>
      <MDI key="LAYER_TYPE">athematic</MDI>
      <MDI key="RepresentationType">THEMATIC</MDI>
    </Metadata>
  </PAMRasterBand>
</PAMDataset>
