<?xml version="1.0" encoding="UTF-8"?>
<metadata xml:lang="en"><Esri><CreaDate>20211207</CreaDate><CreaTime>13502700</CreaTime><ArcGISFormat>1.0</ArcGISFormat><SyncOnce>TRUE</SyncOnce><DataProperties><lineage><Process ToolSource="c:\program files (x86)\arcgis\desktop10.8\ArcToolbox\Toolboxes\Data Management Tools.tbx\CreateFeatureclass" Date="20211207" Time="135027">CreateFeatureclass C:\Users\phwh9568\GEOG_4303\GEOG_4303_5303\1Week\results myOwnPoints.shp POINT # DISABLED DISABLED # # 0 0 0</Process><Process ToolSource="c:\program files (x86)\arcgis\desktop10.8\ArcToolbox\Toolboxes\Data Management Tools.tbx\AddField" Date="20211207" Time="135027">AddField C:\Users\phwh9568\GEOG_4303\GEOG_4303_5303\1Week\results\myOwnPoints.shp MyField LONG # # # # NULLABLE NON_REQUIRED #</Process></lineage></DataProperties></Esri></metadata>
