<?xml version="1.0"?>
<!--<!DOCTYPE metadata SYSTEM "http://www.esri.com/metadata/esriprof80.dtd">-->
<metadata xml:lang="en"><Esri><MetaID>{BF7D64AC-2328-4964-A1C1-4C3EAB0D28F5}</MetaID><CreaDate>20100310</CreaDate><CreaTime>23070800</CreaTime><SyncOnce>TRUE</SyncOnce><DataProperties><lineage><Process ToolSource="C:\Program Files\ArcGIS\ArcToolbox\Toolboxes\Conversion Tools.tbx\ASCIIToRaster" Date="20100310" Time="230708">ASCIIToRaster C:\GIS3demos_S2010\Lab05_2010\outputKgb.txt C:\GIS3demos_S2010\Lab05_2010\outGridKgb INTEGER</Process></lineage></DataProperties></Esri><idinfo><citation><citeinfo><onlink Sync="TRUE">\\MAKOSSYMAC\C$\GIS3demos_S2010\Lab05_2010\input\inputgrid</onlink></citeinfo></citation></idinfo><distInfo><distributor><distorTran><onLineSrc><linkage Sync="TRUE">file://\\MAKOSSYMAC\C$\GIS3demos_S2010\Lab05_2010\input\inputgrid</linkage><protocol Sync="TRUE">Local Area Network</protocol></onLineSrc></distorTran></distributor></distInfo><dataqual><lineage><procstep><procdesc Sync="TRUE">Dataset moved.</procdesc><srcused Sync="TRUE">C:\GIS3demos_S2010\Lab05_2010\inputgrid</srcused><procdate Sync="TRUE">20100316</procdate><proctime Sync="TRUE">10373000</proctime></procstep></lineage></dataqual></metadata>
